column_name,unique_values
state_fips_code,"['AL', 'AK', 'AZ', 'AR', 'CA', 'CO', 'CT', 'DE', 'DC', 'FL', 'GA', 'HI', 'ID', 'IL', 'IN', 'IA', 'KS', 'KY', 'LA', 'ME', 'MD', 'MA', 'MI', 'MN', 'MS', 'MO', 'MT', 'NE', 'NV', 'NH', 'NJ', 'NM', 'NY', 'NC', 'ND', 'OH', 'OK', 'OR', 'PA', 'RI', 'SC', 'SD', 'TN', 'TX', 'UT', 'VT', 'VA', 'WA', 'WV', 'WI', 'WY', 'GU', 'PR', 'VI']"
sex,"['Female', 'Male']"
age_group,"['80+', '55-59', '40-44', '70-74', '65-69', '60-64', '75-79', '50-54', '45-49', '35-39', '30-34', '25-29', '18-24']"
race_ethnicity,"['White', 'Black', 'Multiracial', 'Other', 'Hispanic']"
education_level,"['HS Grad', 'College Grad', 'Some College', 'No HS']"
income_category,"['$25K-35K', '$100K-200K', '$50K-100K', '$35K-50K', '<$15K', '$15K-25K', '$200K+']"
marital_status,"['Widowed', 'Married', 'Divorced', 'Separated', 'Unmarried Partner', 'Single']"
employment_status,"['Self-Employed', 'Retired', 'Homemaker', 'Disabled', 'Employed', 'Unemployed <1yr', 'Unemployed >1yr', 'Student']"
uses_tobacco,"['Never', 'Occasionally', 'Daily']"
uses_e_cigarettes,"['Never', 'Former', 'Daily', 'Occasionally']"
days_drinking_alcohol,"[0, 3, 5, 1, 2, 4, 24, 10, 30, 8, 25, 29, 28, 20, 12, 16, 6, 7, 15, 17, 9, 14, 21, 18, 13, 27, 26, 22, 23, 11, 19]"
average_sleep_hours,"[6, 5, 9, 7, 8, 4, 10, 1, 18, 12, 3, 2, 11, 13, 15, 16, 14, 23, 20, 24, 17, 22, 19]"
general_health,"['Excellent', 'Very Good', 'Fair', 'Good', 'Poor']"
physical_health_not_good_days,"[0, 2, 1, 8, 5, 30, 4, 23, 15, 3, 10, 7, 14, 25, 21, 20, 29, 9, 6, 27, 13, 12, 28, 26, 17, 16, 24, 11, 18, 19, 22]"
mental_health_not_good_days,"[0, 3, 9, 5, 15, 10, 18, 1, 2, 4, 30, 7, 20, 6, 14, 8, 25, 27, 12, 13, 21, 28, 29, 26, 17, 11, 16, 22, 19, 24, 23]"
diabetes_diagnosis,"['No', 'Yes', 'Prediabetes', 'Gestational']"
copd_diagnosis,"['No', 'Yes']"
depression_diagnosis,"['No', 'Yes']"
asthma_diagnosis,"['No', 'Yes']"
body_mass_index,"[26.57, 25.61, 21.77, 22.96, 27.81, 29.05, 29.23, 28.59, 32.78, 25.34, 25.97, 32.28, 24.89, 32.37, 26.5, 21.63, 37.45, 31.09, 29.12, 25.15, 24.39, 34.21, 21.31, 19.13, 33.96, 35.15, 22.63, 32.27, 31.0, 24.96, 19.53, 45.61, 29.84, 41.35, 32.22, 30.18, 35.96, 23.49, 26.54, 31.12, 30.83, 35.55, 30.62, 19.37, 21.26, 36.26, 23.74, 34.04, 24.09, 23.17, 25.8, 33.47, 26.85, 26.09, 32.19, 32.41, 21.48, 26.46, 32.12, 33.91, 32.08, 31.01, 21.01, 24.37, 21.59, 20.92, 25.09, 17.03, 31.62, 28.03, 17.47, 33.25, 23.78, 23.91, 25.82, 32.95, 56.68, 22.15, 33.41, 37.66, 29.29, 20.41, 35.85, 25.77, 27.88, 47.47, 28.37, 22.26, 27.37, 34.96, 27.98, 25.38, 27.96, 32.77, 38.41, 28.32, 27.76, 26.79, 19.97, 35.43, 21.46, 34.58, 24.01, 25.86, 27.44, 26.64, 32.92, 42.51, 25.5, 25.84, 37.31, 28.34, 32.61, 17.75, 30.68, 30.04, 36.05, 21.47, 23.46, 33.09, 28.7, 39.11, 24.21, 29.18, 43.18, 39.48, 30.41, 20.18, 28.29, 19.46, 31.25, 28.25, 20.66, 35.67, 34.97, 34.33, 23.63, 29.45, 29.63, 33.2, 27.06, 41.21, 26.15, 30.3, 25.06, 31.64, 32.1, 27.46, 27.17, 36.61, 22.31, 23.01, 24.03, 28.19, 25.58, 26.69, 24.98, 39.58, 33.67, 20.98, 23.11, 27.99, 30.13, 26.45, 31.66, 31.32, 33.07, 26.94, 22.6, 28.8, 36.62, 46.87, 32.74, 27.26, 28.28, 26.29, 25.54, 20.14, 25.32, 22.14, 31.18, 39.86, 27.2, 27.34, 33.89, 27.12, 36.58, 21.03, 26.52, 38.74, 23.34, 26.0, 43.7, 23.69, 26.61, 29.95, 21.93, 31.38, 22.67, 25.68, 36.02, 21.87, 22.03, 36.92, 28.62, 28.97, 27.6, 29.52, 25.79, 24.86, 34.67, 41.27, 26.83, 23.4, 33.13, 24.33, 29.26, 25.92, 27.52, 28.73, 31.74, 21.81, 26.31, 21.97, 26.56, 29.48, 25.02, 49.87, 30.42, 20.82, 51.65, 24.41, 19.49, 25.4, 37.2, 26.63, 28.12, 21.41, 24.56, 19.79, 17.81, 27.72, 37.9, 31.85, 20.36, 34.54, 17.64, 22.86, 41.16, 39.37, 27.02, 32.32, 34.95, 34.14, 23.3, 24.07, 28.53, 26.4, 23.81, 23.0, 24.68, 33.0, 21.61, 23.71, 40.29, 29.81, 26.95, 36.32, 20.8, 25.18, 32.26, 22.08, 29.76, 38.95, 24.51, 20.78, 27.5, 32.23, 58.1, 36.08, 29.99, 26.58, 27.41, 16.47, 24.94, 30.9, 24.95, 27.91, 28.13, 27.8, 26.37, 23.05, 32.42, 41.15, 49.95, 23.67, 38.25, 24.69, 28.84, 24.22, 30.47, 22.46, 22.24, 31.46, 16.16, 28.87, 36.8, 18.99, 27.55, 27.71, 29.54, 38.11, 24.28, 31.58, 34.11, 37.73, 38.09, 25.23, 34.44, 36.21, 23.73, 30.67, 31.75, 29.41, 26.22, 28.35, 43.9, 27.59, 23.26, 34.26, 15.66, 23.89, 20.34, 45.73, 23.06, 17.99, 31.47, 31.17, 24.97, 36.22, 36.49, 20.6, 48.66, 42.13, 34.85, 37.37, 23.57, 15.06, 34.18, 25.66, 57.39, 25.51, 38.27, 41.96, 46.59, 30.28, 24.8, 22.87, 22.65, 37.42, 20.93, 30.29, 29.53, 31.89, 21.3, 47.46, 31.78, 23.41, 26.76, 35.88, 38.08, 39.8, 25.37, 25.69, 19.94, 23.52, 31.31, 18.65, 24.02, 22.45, 28.06, 25.75, 33.28, 23.83, 23.38, 35.58, 39.06, 24.46, 35.87, 20.52, 30.27, 30.54, 30.11, 18.88, 21.13, 30.56, 32.62, 29.88, 35.78, 29.62, 26.7, 24.79, 31.93, 33.44, 34.46, 28.49, 18.3, 37.5, 22.71, 31.65, 21.95, 18.79, 25.83, 35.44, 25.07, 37.93, 39.46, 39.05, 36.16, 19.84, 28.21, 30.52, 36.18, 17.97, 38.17, 29.94, 35.54, 36.52, 24.0, 29.02, 21.11, 20.83, 35.07, 21.86, 19.2, 22.49, 36.28, 32.49, 60.08, 38.01, 22.05, 32.39, 30.24, 46.18, 28.75, 20.09, 32.98, 34.87, 51.49, 28.89, 23.24, 33.5, 28.63, 29.97, 19.58, 22.32, 31.45, 38.73, 28.0, 33.58, 32.6, 42.07, 22.62, 43.75, 44.46, 20.37, 27.97, 28.6, 24.59, 40.32, 26.39, 25.53, 20.54, 31.96, 29.57, 22.55, 30.72, 43.85, 29.65, 39.16, 29.16, 32.55, 16.04, 21.8, 37.59, 25.85, 18.02, 27.94, 34.75, 24.12, 38.1, 43.08, 40.72, 50.97, 38.92, 24.53, 37.69, 32.89, 37.97, 28.74, 37.94, 32.56, 21.64, 24.75, 36.03, 23.99, 16.24, 38.39, 19.92, 23.75, 37.88, 49.38, 21.79, 27.22, 22.4, 35.24, 31.87, 40.77, 43.54, 29.03, 27.89, 26.43, 31.19, 22.69, 42.29, 45.78, 32.45, 33.84, 30.55, 24.11, 30.34, 27.05, 22.83, 23.03, 34.17, 30.0, 15.79, 26.65, 35.51, 35.8, 29.68, 40.78, 30.21, 18.55, 20.67, 39.08, 22.04, 18.62, 34.08, 38.53, 30.23, 35.32, 48.92, 36.17, 23.85, 38.26, 41.6, 18.01, 31.53, 31.14, 35.31, 40.92, 25.04, 51.21, 37.12, 48.06, 22.38, 26.04, 33.63, 24.13, 42.83, 29.1, 49.09, 28.82, 34.39, 24.43, 41.2, 38.52, 43.05, 39.53, 33.75, 24.14, 29.69, 47.24, 30.79, 35.61, 16.45, 43.27, 25.89, 58.59, 30.65, 32.11, 19.22, 34.99, 39.94, 32.36, 26.96, 22.81, 26.36, 22.59, 20.23, 33.23, 23.62, 21.52, 27.73, 41.84, 25.1, 43.58, 33.29, 33.45, 23.09, 29.58, 50.22, 31.63, 31.41, 44.29, 31.71, 31.16, 31.57, 36.96, 35.26, 44.39, 23.44, 32.25, 23.96, 34.86, 22.19, 31.8, 22.43, 23.18, 19.8, 37.76, 21.91, 25.0, 34.3, 38.28, 32.5, 28.5, 22.53, 27.39, 52.13, 36.73, 44.92, 28.43, 29.86, 35.73, 32.84, 20.97, 35.33, 35.94, 17.5, 18.13, 40.39, 20.2, 25.29, 30.51, 61.7, 35.09, 23.21, 33.38, 38.77, 29.44, 24.34, 42.77, 25.11, 47.65, 17.79, 29.79, 34.34, 48.82, 26.34, 51.9, 39.65, 23.29, 26.47, 40.46, 22.99, 26.78, 39.51, 21.4, 26.91, 28.08, 22.47, 27.57, 28.48, 24.2, 27.92, 21.02, 30.8, 27.32, 30.99, 29.56, 22.3, 28.41, 18.47, 41.19, 23.23, 49.13, 28.17, 40.35, 34.01, 37.11, 26.25, 36.59, 38.02, 36.9, 33.36, 25.24, 23.43, 35.02, 21.29, 23.48, 20.55, 41.81, 38.67, 35.57, 33.3, 28.46, 33.66, 28.23, 39.17, 34.15, 21.21, 25.39, 46.2, 42.57, 23.02, 34.02, 22.35, 55.24, 17.72, 20.08, 18.29, 21.7, 24.63, 34.7, 44.3, 49.78, 42.88, 15.8, 40.34, 35.95, 26.88, 35.62, 37.02, 30.85, 44.63, 27.67, 27.4, 20.22, 27.15, 38.44, 38.37, 36.81, 26.19, 21.74, 43.42, 18.95, 33.05, 24.82, 56.49, 22.8, 36.65, 28.68, 26.89, 41.79, 50.78, 18.97, 37.23, 35.01, 20.12, 36.94, 34.03, 43.46, 33.95, 51.0, 25.55, 60.23, 29.6, 32.43, 39.78, 42.91, 24.5, 45.17, 34.16, 22.22, 28.67, 29.21, 47.25, 29.7, 35.19, 23.08, 40.69, 43.4, 50.3, 33.61, 31.28, 19.0, 32.93, 49.76, 16.84, 41.66, 44.11, 50.49, 49.92, 61.03, 27.07, 29.15, 20.81, 51.4, 41.37, 32.01, 33.43, 21.54, 18.66, 31.42, 56.64, 19.77, 37.38, 41.09, 30.86, 42.61, 53.22, 43.36, 26.17, 46.41, 39.44, 37.6, 23.39, 28.94, 40.01, 37.3, 36.15, 21.14, 36.34, 28.9, 38.61, 26.08, 41.05, 38.79, 43.33, 31.29, 21.44, 26.16, 25.73, 28.72, 44.05, 47.72, 16.06, 38.97, 23.25, 32.57, 22.11, 54.82, 42.44, 31.55, 20.75, 30.38, 24.55, 27.1, 29.37, 17.76, 41.57, 23.56, 43.35, 37.62, 36.12, 39.69, 26.32, 19.26, 32.44, 40.03, 26.68, 61.97, 25.42, 35.71, 40.24, 19.14, 27.29, 35.08, 35.59, 27.82, 18.25, 42.4, 28.15, 44.09, 39.68, 34.5, 29.66, 33.32, 21.18, 21.12, 17.94, 40.74, 46.06, 39.77, 30.7, 35.53, 46.81, 21.73, 33.82, 37.21, 27.28, 28.1, 28.31, 25.65, 35.0, 20.48, 35.79, 26.26, 29.49, 37.16, 26.07, 36.77, 28.66, 33.72, 22.5, 28.76, 46.99, 36.54, 49.23, 24.45, 27.87, 53.0, 19.74, 38.96, 17.54, 24.67, 34.57, 36.95, 32.69, 24.54, 26.13, 20.3, 31.82, 37.25, 41.88, 32.58, 18.56, 48.42, 32.0, 39.45, 30.07, 23.86, 31.35, 36.72, 50.12, 19.67, 41.63, 29.38, 40.19, 39.14, 29.42, 45.83, 24.27, 38.62, 19.51, 26.66, 22.85, 40.51, 28.79, 25.22, 34.83, 21.2, 36.25, 40.89, 42.72, 21.62, 20.95, 34.2, 40.14, 36.11, 36.84, 29.28, 30.17, 37.0, 29.5, 37.79, 24.16, 25.19, 18.17, 41.5, 36.89, 15.0, 27.79, 39.32, 36.87, 31.95, 26.12, 33.65, 23.33, 42.54, 35.56, 20.53, 21.22, 34.48, 20.43, 25.36, 21.83, 29.91, 20.7, 33.33, 26.97, 37.74, 25.63, 30.81, 18.71, 25.56, 40.45, 42.6, 32.24, 17.85, 19.69, 19.64, 30.91, 40.18, 15.97, 14.63, 19.31, 35.7, 20.03, 31.24, 38.65, 18.54, 31.05, 25.62, 25.33, 20.94, 46.34, 22.52, 16.6, 28.24, 24.3, 20.51, 19.19, 26.05, 30.87, 48.55, 23.5, 21.94, 41.99, 18.44, 16.25, 29.19, 19.85, 13.39, 20.99, 27.27, 23.72, 26.87, 19.08, 35.35, 43.77, 31.91, 27.64, 22.27, 25.52, 37.41, 42.25, 39.38, 24.87, 35.89, 42.22, 39.87, 40.83, 40.61, 33.12, 25.99, 48.73, 36.39, 22.89, 28.07, 27.69, 45.19, 40.9, 45.63, 45.04, 43.41, 22.57, 16.21, 35.9, 18.38, 32.87, 33.19, 18.89, 48.18, 38.35, 20.05, 29.04, 36.67, 47.99, 17.15, 37.91, 23.87, 51.69, 28.45, 36.57, 48.16, 38.99, 63.23, 32.82, 27.62, 58.24, 48.71, 48.26, 35.28, 25.13, 45.42, 24.72, 27.25, 29.01, 30.71, 18.46, 47.35, 39.84, 41.56, 23.92, 20.9, 52.73, 44.86, 22.73, 41.4, 19.57, 21.84, 25.91, 43.56, 27.78, 20.77, 46.72, 27.47, 51.51, 29.87, 37.68, 65.64, 31.48, 24.18, 26.11, 25.7, 53.14, 54.08, 25.25, 21.16, 32.04, 38.32, 26.3, 27.86, 49.21, 39.75, 36.13, 38.0, 44.76, 39.18, 48.81, 24.9, 30.43, 20.25, 58.36, 18.31, 42.27, 36.64, 21.28, 40.1, 25.08, 18.87, 51.02, 21.34, 47.83, 59.07, 22.0, 63.46, 23.13, 43.14, 33.64, 29.85, 23.53, 37.36, 44.6, 32.91, 23.12, 33.83, 31.44, 18.52, 34.72, 33.51, 34.27, 31.02, 19.9, 20.19, 58.19, 32.76, 26.18, 42.43, 47.43, 34.93, 19.33, 28.65, 38.45, 23.82, 29.09, 29.35, 62.47, 19.05, 78.92, 46.22, 40.82, 43.28, 22.66, 45.31, 14.37, 22.13, 30.05, 46.37, 33.54, 25.96, 17.49, 50.07, 57.02, 22.1, 27.31, 29.24, 45.33, 36.09, 45.91, 36.31, 19.21, 28.98, 16.92, 18.0, 24.52, 17.18, 24.83, 19.61, 22.92, 37.86, 30.4, 20.5, 40.41, 24.24, 30.66, 15.2, 21.25, 42.05, 61.79, 26.92, 39.33, 31.9, 48.69, 48.83, 34.37, 21.58, 17.33, 23.15, 41.01, 26.99, 23.6, 35.11, 18.6, 24.19, 14.1, 44.43, 39.54, 22.78, 37.08, 19.89, 20.39, 30.36, 32.02, 32.72, 47.13, 31.1, 31.07, 30.96, 48.24, 37.56, 15.34, 21.67, 44.1, 22.88, 45.2, 18.98, 33.77, 20.69, 22.82, 31.51, 43.64, 30.61, 19.11, 47.92, 43.13, 39.71, 21.9, 31.54, 56.12, 26.14, 19.02, 21.24, 43.01, 17.71, 34.59, 43.53, 37.22, 42.04, 36.4, 23.59, 42.97, 18.37, 15.49, 33.52, 33.18, 32.88, 20.89, 24.66, 53.09, 50.94, 22.68, 43.26, 26.06, 20.02, 18.11, 17.34, 26.72, 17.74, 45.5, 23.8, 27.7, 20.06, 25.81, 18.33, 38.12, 22.76, 40.25, 16.31, 38.6, 36.85, 16.46, 44.48, 25.78, 32.34, 17.63, 35.25, 30.1, 24.78, 44.01, 31.39, 41.25, 40.28, 38.69, 18.16, 37.98, 13.95, 24.61, 25.41, 23.65, 48.89, 34.06, 47.2, 24.64, 34.22, 16.13, 34.98, 27.33, 30.45, 24.44, 18.64, 29.13, 52.51, 27.84, 15.78, 35.12, 20.85, 30.69, 18.48, 17.89, 19.39, 16.95, 33.73, 19.47, 36.66, 24.81, 43.82, 19.65, 26.93, 41.61, 21.42, 38.04, 29.27, 28.71, 49.42, 36.78, 31.7, 20.01, 33.59, 32.51, 16.99, 18.72, 35.91, 41.12, 18.75, 30.82, 34.41, 37.95, 37.61, 14.25, 52.46, 63.27, 34.78, 27.04, 17.22, 51.75, 21.09, 21.75, 31.94, 24.62, 35.36, 48.21, 30.73, 31.79, 17.7, 20.73, 32.86, 24.48, 20.47, 24.91, 32.03, 44.35, 33.8, 35.49, 21.35, 55.41, 33.6, 72.71, 37.8, 16.73, 45.59, 21.43, 33.11, 37.55, 45.65, 16.88, 17.38, 27.75, 24.65, 19.48, 29.14, 26.75, 75.01, 47.94, 19.73, 34.36, 33.98, 16.64, 69.26, 45.49, 49.08, 40.17, 42.37, 46.48, 56.38, 16.82, 22.18, 32.71, 31.98, 25.35, 48.23, 34.84, 22.07, 28.78, 39.5, 27.18, 50.16, 32.31, 31.04, 21.89, 19.01, 19.4, 25.76, 15.87, 34.53, 43.09, 18.85, 39.13, 17.56, 35.99, 18.26, 18.83, 33.15, 52.38, 39.34, 40.44, 36.29, 38.2, 35.3, 19.91, 29.4, 53.43, 28.95, 68.35, 35.18, 18.49, 20.0, 57.62, 24.38, 36.44, 18.8, 54.93, 45.03, 53.26, 42.38, 32.59, 47.85, 16.27, 46.21, 27.48, 26.71, 17.43, 19.75, 49.16, 55.97, 40.6, 40.96, 19.27, 20.45, 36.19, 14.08, 15.36, 47.61, 39.23, 23.88, 41.02, 14.03, 15.82, 25.46, 44.21, 30.06, 26.03, 28.57, 37.89, 34.13, 45.7, 14.53, 40.85, 20.4, 58.33, 42.18, 29.08, 38.94, 36.68, 27.53, 29.71, 35.69, 50.18, 44.59, 40.57, 31.4, 42.98, 30.49, 42.82, 38.3, 23.42, 17.65, 39.03, 17.28, 28.04, 30.08, 12.5, 41.93, 32.06, 15.94, 14.88, 29.82, 45.16, 20.62, 31.11, 45.35, 46.03, 44.81, 28.51, 24.25, 21.45, 27.0, 30.12, 34.69, 41.42, 43.03, 34.31, 40.81, 29.47, 23.32, 33.26, 32.8, 32.14, 22.77, 52.89, 15.11, 32.81, 36.36, 23.1, 49.8, 40.04, 47.5, 45.84, 29.83, 19.66, 18.78, 50.0, 17.92, 47.26, 15.45, 34.45, 22.2, 16.5, 34.61, 51.7, 54.91, 18.32, 34.28, 37.4, 42.74, 15.96, 28.55, 30.02, 20.68, 31.77, 44.85, 30.95, 28.91, 36.48, 36.76, 55.52, 18.07, 28.22, 37.1, 20.16, 29.98, 33.34, 23.04, 15.17, 41.87, 14.5, 19.17, 34.38, 16.69, 19.23, 45.48, 47.8, 52.29, 25.45, 19.68, 19.99, 32.46, 47.9, 29.46, 17.51, 27.16, 35.74, 46.44, 17.17, 50.43, 27.63, 18.84, 25.94, 29.8, 21.96, 14.85, 48.37, 44.79, 43.84, 16.0, 21.08, 21.68, 67.58, 56.7, 29.39, 35.14, 38.88, 29.92, 27.51, 30.25, 34.07, 57.06, 35.48, 32.38, 40.21, 19.3, 44.64, 40.06, 19.25, 53.21, 39.3, 40.62, 46.69, 38.23, 42.8, 18.27, 48.12, 24.85, 37.44, 23.22, 31.83, 45.89, 33.1, 42.09, 12.69, 22.16, 53.8, 24.05, 49.6, 17.07, 26.73, 33.99, 66.94, 41.14, 30.57, 20.56, 30.92, 17.19, 39.42, 61.33, 48.15, 33.4, 36.14, 33.57, 71.74, 28.27, 59.37, 26.62, 39.79, 22.23, 28.52, 31.6, 56.26, 53.81, 47.55, 20.07, 18.4, 44.93, 16.74, 44.4, 15.33, 64.51, 32.48, 53.06, 41.03, 31.2, 47.42, 41.39, 50.99, 21.37, 41.76, 47.77, 39.56, 45.76, 37.28, 46.09, 65.19, 33.48, 43.24, 29.0, 42.33, 35.93, 16.65, 44.82, 17.59, 16.97, 17.68, 36.47, 32.99, 22.02, 37.49, 34.29, 57.59, 36.35, 43.07, 34.9, 67.81, 17.58, 35.29, 21.71, 38.13, 21.38, 18.42, 25.2, 25.59, 41.7, 41.95, 22.25, 21.51, 53.38, 16.83, 16.56, 35.4, 18.19, 15.81, 15.51, 76.02, 65.23, 34.77, 39.47, 37.71, 17.23, 39.27, 15.5, 39.22, 37.13, 25.31, 15.76, 17.11, 26.82, 28.4, 30.93, 18.58, 39.31, 18.14, 23.37, 49.34, 24.17, 51.37, 13.82, 53.25, 24.42, 35.41, 27.61, 26.28, 16.01, 19.42, 16.14, 39.89, 40.79, 32.83, 38.55, 43.6, 44.99, 30.89, 29.34, 16.62, 64.93, 21.06, 50.03, 27.58, 36.79, 33.81, 26.81, 22.01, 32.53, 15.69, 24.36, 16.07, 28.01, 16.29, 22.21, 27.21, 41.28, 17.37, 34.55, 15.95, 50.59, 37.77, 26.21, 20.74, 24.71, 33.87, 34.81, 22.48, 36.3, 46.0, 46.94, 17.16, 23.27, 23.14, 31.97, 15.6, 21.88, 14.64, 20.04, 13.29, 41.1, 18.34, 29.3, 20.76, 39.99, 33.14, 16.76, 33.76, 31.56, 12.48, 21.85, 35.97, 27.49, 41.94, 17.91, 35.13, 47.87, 50.64, 22.39, 24.74, 15.04, 35.82, 60.82, 32.54, 14.92, 46.11, 34.92, 22.98, 46.67, 31.15, 52.9, 17.77, 51.96, 28.47, 20.49, 19.04, 30.94, 42.63, 41.54, 43.38, 42.93, 27.93, 18.15, 23.98, 26.67, 24.49, 44.94, 24.99, 52.92, 34.19, 38.22, 37.35, 50.51, 29.43, 19.98, 13.53, 20.38, 30.39, 21.49, 70.21, 43.16, 20.84, 27.68, 20.11, 46.64, 28.3, 34.71, 22.54, 25.87, 44.71, 15.41, 28.02, 42.32, 33.97, 38.59, 50.62, 68.05, 33.55, 20.61, 34.56, 13.78, 54.64, 42.1, 14.82, 18.7, 46.32, 48.75, 43.76, 40.67, 57.95, 19.52, 32.96, 52.14, 51.59, 35.75, 14.35, 22.44, 35.46, 69.08, 41.45, 25.95, 25.16, 41.77, 31.84, 30.88, 46.45, 28.58, 44.22, 65.97, 27.38, 23.35, 31.52, 48.36, 27.35, 43.43, 20.63, 19.29, 56.78, 40.91, 18.9, 17.27, 42.5, 14.65, 27.24, 45.0, 18.41, 39.6, 41.38, 22.75, 22.37, 22.74, 43.65, 38.75, 48.47, 24.31, 55.2, 37.75, 92.73, 34.62, 36.43, 22.42, 20.72, 29.25, 21.92, 35.17, 33.93, 34.73, 29.73, 47.59, 27.65, 16.9, 47.12, 46.86, 20.24, 36.56, 25.93, 19.1, 38.98, 21.6, 49.88, 13.25, 23.66, 18.08, 29.55, 28.88, 30.48, 44.08, 50.8, 41.51, 35.34, 26.98, 16.54, 25.72, 21.76, 31.06, 28.05, 22.95, 45.26, 46.29, 22.79, 30.98, 21.56, 17.01, 33.78, 20.31, 16.98, 32.64, 64.62, 29.89, 52.77, 55.68, 54.25, 22.33, 33.9, 29.36, 74.25, 33.79, 70.48, 23.84, 44.62, 22.34, 40.42, 40.11, 26.6, 20.64, 40.0, 45.75, 18.24, 97.65, 31.69, 37.51, 15.98, 44.06, 27.09, 80.23, 14.76, 28.69, 69.4, 18.81, 54.68, 36.91, 61.48, 41.55, 21.32, 17.87, 18.94, 62.69, 45.58, 57.64, 26.23, 40.64, 46.82, 37.24, 41.0, 21.65, 38.47, 47.44, 43.94, 72.66, 20.59, 12.24, 67.93, 50.21, 60.46, 44.2, 28.93, 26.53, 23.19, 25.21, 29.67, 38.21, 31.37, 16.49, 26.41, 20.58, 18.21, 44.34, 13.99, 40.05, 37.87, 55.38, 45.53, 41.98, 30.74, 43.45, 25.9, 45.18, 53.92, 53.04, 43.49, 51.45, 39.49, 34.94, 40.75, 51.42, 45.55, 40.27, 42.9, 55.75, 51.33, 15.55, 43.22, 52.26, 33.35, 56.96, 50.75, 18.53, 24.35, 33.08, 48.78, 48.2, 27.36, 25.14, 41.47, 38.86, 31.36, 43.93, 20.44, 28.85, 41.44, 32.33, 39.9, 49.32, 16.42, 42.69, 14.7, 17.26, 30.6, 57.33, 44.77, 30.5, 46.77, 15.67, 15.77, 51.54, 41.73, 33.01, 44.32, 39.15, 38.54, 35.83, 26.55, 46.23, 39.82, 54.74, 41.9, 50.48, 40.68, 51.68, 22.51, 51.36, 37.03, 29.9, 58.57, 19.88, 48.04, 35.5, 35.98, 66.77, 50.11, 30.03, 39.29, 38.91, 40.43, 32.75, 60.36, 39.62, 46.58, 12.55, 22.64, 38.58, 60.58, 49.47, 59.63, 51.15, 44.37, 30.09, 44.73, 34.0, 42.68, 31.59, 13.23, 34.51, 18.36, 45.6, 18.69, 24.6, 21.0, 64.33, 51.56, 25.48, 33.37, 36.88, 52.43, 21.98, 20.28, 40.88, 50.13, 19.71, 26.51, 24.73, 26.49, 32.85, 36.33, 12.97, 39.25, 46.52, 24.7, 62.0, 54.79, 39.67, 44.12, 50.2, 49.72, 41.71, 59.66, 52.31, 45.57, 34.76, 46.53, 32.35, 15.35, 24.1, 17.13, 50.86, 48.54, 43.74, 42.87, 14.98, 66.24, 46.16, 44.36, 52.42, 40.55, 42.62, 17.98, 41.69, 15.59, 36.41, 32.73, 36.75, 15.07, 39.0, 38.34, 14.31, 95.66, 60.84, 55.88, 58.55, 25.71, 44.87, 56.58, 54.87, 44.97, 30.59, 24.58, 43.12, 37.7, 13.0, 27.85, 33.7, 45.3, 52.24, 49.02, 49.41, 62.76, 55.96, 42.41, 64.54, 38.84, 57.13, 17.95, 45.77, 65.1, 61.73, 54.42, 34.09, 36.82, 49.62, 49.43, 46.17, 42.23, 64.2, 54.03, 21.53, 14.75, 47.29, 83.2, 49.91, 37.47, 15.28, 45.05, 40.97, 43.91, 19.59, 22.56, 45.11, 57.32, 27.11, 22.41, 41.8, 53.98, 52.71, 58.64, 52.0, 55.95, 60.06, 65.0, 19.12, 24.47, 44.7, 45.98, 60.67, 49.93, 16.23, 21.57, 53.16, 29.75, 48.35, 63.79, 46.25, 20.87, 19.07, 40.13, 27.14, 24.06, 39.19, 40.31, 56.87, 18.61, 38.71, 47.78, 14.14, 18.18, 49.18, 61.64, 53.9, 54.55, 52.72, 28.56, 44.25, 12.75, 17.14, 37.43, 13.67, 39.2, 17.57, 46.31, 55.8, 29.11, 32.13, 50.5, 33.86, 58.32, 41.78, 38.36, 41.64, 39.74, 30.75, 20.91, 43.81, 40.23, 50.69, 53.72, 26.01, 15.62, 37.52, 45.23, 70.58, 41.34, 30.31, 20.32, 80.71, 51.6, 23.54, 16.43, 57.57, 21.23, 51.61, 47.14, 68.74, 42.76, 17.25, 47.05, 58.54, 30.76, 50.52, 39.28, 44.91, 31.27, 20.57, 55.79, 47.19, 53.85, 37.57, 52.91, 61.57, 16.48, 64.57, 33.92, 33.68, 24.23, 34.79, 66.08, 23.31, 43.11, 31.67, 51.81, 25.57, 46.98, 46.4, 49.26, 42.2, 22.29, 17.36, 19.95, 16.12, 19.16, 22.72, 20.27, 15.88, 42.99, 45.43, 22.36, 27.54, 51.77, 30.26, 47.06, 23.2, 47.74, 57.78, 57.61, 42.96, 14.23, 52.34, 14.81, 32.67, 15.01, 28.42, 26.9, 15.75, 49.07, 55.99, 13.56, 67.79, 15.91, 13.1, 62.01, 14.61, 12.78, 33.02, 28.16, 24.4, 74.13, 18.73, 16.28, 16.3, 13.31, 19.44, 34.74, 14.12, 40.76, 73.22, 16.4, 57.5, 24.84, 45.92, 65.24, 54.78, 38.38, 45.44, 44.53, 49.82, 46.78, 53.58, 46.83, 55.66, 46.3, 64.42, 58.73, 50.84, 50.29, 20.29, 60.42, 48.07, 46.63, 46.36, 44.78, 45.47, 39.61, 42.89, 42.14, 60.77, 18.1, 61.51, 64.02, 75.17, 55.44, 16.55, 33.27, 26.33, 44.26, 26.86, 14.95, 53.96, 55.09, 45.1, 35.04, 45.34, 25.12, 18.93, 52.12, 38.06, 64.37, 57.04, 44.95, 31.86, 45.54, 52.37, 32.9, 29.07, 35.06, 30.97, 29.77, 41.68, 46.26, 43.25, 38.16, 50.98, 41.97, 17.83, 50.85, 25.27, 46.79, 37.72, 38.63, 21.66, 35.76, 61.66, 17.04, 13.81, 26.35, 36.69, 21.19, 24.26, 16.86, 21.33, 39.81, 25.44, 39.55, 51.58, 54.39, 45.66, 61.28, 59.52, 41.52, 39.59, 55.55, 51.84, 52.49, 27.3, 21.5, 45.62, 65.56, 32.65, 42.31, 26.44, 41.36, 53.82, 50.4, 51.09, 44.72, 22.94, 43.1, 16.18, 45.52, 46.96, 47.21, 62.19, 68.66, 48.76, 52.75, 56.54, 68.87, 43.62, 65.78, 58.88, 29.59, 23.7, 64.16, 14.24, 48.79, 28.38, 37.54, 50.91, 49.3, 41.32, 17.55, 50.9, 51.03, 29.06, 53.61, 31.43, 52.18, 25.26, 60.59, 68.77, 17.9, 56.85, 70.81, 54.37, 47.37, 45.37, 20.33, 49.55, 56.15, 62.57, 63.65, 55.18, 54.2, 53.56, 42.45, 54.58, 48.1, 60.86, 32.52, 13.79, 27.13, 51.93, 62.65, 58.41, 15.38, 47.08, 17.86, 48.45, 52.28, 17.8, 75.38, 67.31, 40.16, 39.72, 51.08, 22.12, 55.74, 44.49, 58.66, 74.93, 46.93, 56.25, 51.87, 54.07, 20.71, 48.22, 45.25, 46.65, 60.25, 57.11, 19.6, 32.18, 50.46, 14.77, 19.93, 25.49, 28.83, 46.84, 48.01, 59.91, 57.17, 42.34, 42.48, 46.05, 32.66, 42.75, 36.5, 81.37, 64.56, 31.33, 46.1, 42.12, 19.38, 41.48, 59.24, 52.66, 54.76, 27.45, 16.87, 61.3, 55.23, 55.36, 48.9, 17.96, 60.54, 72.06, 51.39, 48.59, 62.14, 42.26, 45.14, 15.48, 47.3, 15.12, 63.77, 45.93, 16.79, 45.06, 59.34, 53.55, 85.8, 58.53, 40.37, 55.82, 59.73, 60.62, 68.32, 58.02, 54.97, 28.36, 43.88, 45.87, 54.53, 17.31, 52.3, 59.57, 44.45, 37.07, 23.76, 40.94, 48.02, 41.75, 72.93, 53.71, 40.73, 30.19, 14.17, 43.51, 69.94, 63.51, 51.19, 49.57, 43.55, 41.82, 40.09, 69.23, 40.87, 54.05, 58.03, 49.51, 67.41, 51.25, 14.59, 13.85, 49.1, 52.21, 49.81, 13.12, 63.86, 31.5, 43.48, 48.27, 73.87, 40.02, 52.95, 50.95, 19.35, 41.3, 40.56, 62.37, 54.23, 49.5, 48.4, 19.15, 34.82, 48.88, 17.42, 53.67, 43.87, 47.67, 50.39, 47.45, 13.75, 53.88, 35.84, 39.43, 58.46, 48.87, 66.56, 55.27, 53.7, 53.75, 59.97, 42.86, 55.25, 18.12, 63.36, 27.08, 14.45, 46.68, 33.56, 54.49, 52.79, 51.17, 63.85, 45.46, 46.07, 50.68, 48.68, 56.31, 15.22, 14.2, 50.81, 53.52, 13.73, 35.1, 44.8, 68.96, 62.5, 74.96, 47.23, 43.86, 18.22, 82.77, 46.8, 71.33, 86.51, 62.48, 17.45, 59.72, 60.15, 53.12, 15.19, 39.01, 42.55, 35.52, 43.23, 59.13, 44.84, 38.9, 16.32, 54.57, 20.17, 51.04, 48.43, 40.8, 59.83, 49.03, 37.34, 42.21, 47.76, 28.14, 42.59, 18.2, 21.36, 61.71, 40.99, 30.78, 49.75, 56.33, 14.44, 20.13, 52.35, 66.18, 44.66, 70.86, 40.07, 32.29, 44.47, 24.04, 36.98, 31.76, 38.31, 31.08, 36.01, 36.04, 24.32, 20.21, 22.58, 61.09, 34.25, 78.83, 41.29, 47.49, 66.7, 34.6, 49.2, 46.35, 72.83, 49.37, 73.89, 40.36, 56.51, 39.92, 42.84, 16.94, 33.74, 54.29, 47.01, 21.72, 43.71, 37.84, 54.38, 53.32, 68.13, 44.02, 51.85, 78.88, 22.06, 38.49, 36.46, 66.46, 15.43, 64.58, 44.14, 73.18, 15.57, 14.16, 44.74, 48.32, 74.38, 15.73, 35.37, 58.91, 62.91, 23.61, 53.07, 80.6, 55.35, 12.16, 23.94, 46.14, 60.98, 62.77, 45.68, 16.51, 46.92, 42.7, 13.38, 48.34, 50.92, 47.93, 55.04, 54.52, 31.34, 47.89, 52.52, 54.88, 56.82, 77.72, 54.69, 29.17, 63.83, 54.89, 42.73, 43.52, 57.47, 43.72, 70.38, 15.31, 78.99, 59.41, 48.29, 16.1, 14.84, 18.51, 50.26, 61.58, 51.94, 55.11, 61.37, 43.79, 30.37, 61.63, 28.92, 53.01, 13.11, 82.31, 54.75, 23.68, 42.24, 58.77, 41.65, 33.24, 22.28, 55.65, 67.64, 52.15, 13.64, 44.19, 27.42, 29.22, 16.8, 64.9, 47.0, 55.78, 43.19, 51.98, 18.23, 60.4, 55.17, 70.12, 75.74, 42.16, 55.61, 50.79, 49.71, 47.03, 54.32, 48.5, 52.08, 15.65, 79.71, 38.66, 55.6, 73.15, 59.74, 47.96, 48.94, 73.69, 72.31, 32.97, 40.12, 57.67, 16.93, 49.59, 46.97, 41.04, 44.15, 48.62, 18.5, 64.23, 50.63, 12.83, 54.5, 30.14, 64.12, 18.09, 58.63, 35.05, 44.55, 45.01, 62.34, 59.27, 60.53, 37.19, 59.78, 50.33, 15.15, 15.18, 16.41, 23.07, 63.73, 25.03, 64.53, 52.61, 13.87, 33.49, 66.95, 61.08, 59.06, 47.02, 32.4, 60.74, 34.63, 30.64, 61.87, 36.0, 60.14, 23.95, 54.41, 50.6, 47.6, 48.08, 44.44, 29.96, 17.09, 61.84, 38.87, 58.17, 14.18, 50.36, 51.32, 52.87, 55.62, 40.53, 48.58, 48.86, 20.86, 42.35, 33.53, 43.8, 41.43, 47.33, 65.38, 40.7, 33.46, 70.0, 51.92, 26.24, 73.24, 19.09, 12.36, 26.48, 33.04, 62.95, 63.5, 65.58, 44.16, 13.84, 43.47, 45.24, 34.1, 38.42, 57.08, 46.46, 13.63, 36.27, 35.66, 77.29, 78.47, 12.84, 34.43, 41.86, 14.36, 35.42, 29.51, 15.83, 67.39, 28.33, 16.72, 62.9, 21.55, 53.4, 19.5, 21.78, 87.53, 57.56, 44.89, 15.05, 15.02, 38.46, 44.33, 53.03, 22.91, 78.76, 34.88, 59.44, 14.78, 24.92, 69.12, 20.96, 32.2, 27.66, 26.84, 30.32, 20.35, 61.5, 60.65, 13.16, 29.78, 60.11, 49.61, 49.48, 55.19, 12.92, 60.93, 58.82, 27.83, 41.59, 27.01, 59.67, 57.25, 58.58, 69.5, 16.36, 60.52, 56.05, 50.53, 69.33, 51.55, 60.19, 49.39, 65.57, 64.07, 49.89, 73.61, 43.21, 78.31, 64.24, 52.11, 57.86, 13.76, 65.08, 49.49, 57.18, 19.72, 41.18, 49.24, 82.7, 35.23, 12.85, 13.34, 57.94, 44.52, 48.74, 49.94, 56.13, 52.25, 61.45, 52.68, 16.37, 47.64, 60.1, 55.1, 55.76, 51.8, 35.81, 49.28, 76.05, 45.85, 18.04, 53.46, 61.12, 57.97, 83.68, 64.97, 27.56, 61.29, 16.68, 47.84, 61.82, 52.5, 18.39, 26.59, 46.43, 35.27, 65.84, 68.23, 49.25, 40.58, 84.04, 40.86, 52.94, 54.72, 16.81, 28.11, 52.44, 71.13, 57.63, 73.81, 12.39, 46.38, 76.75, 79.74, 13.19, 50.42, 71.56, 33.21, 61.6, 53.42, 44.5, 33.85, 72.68, 23.47, 42.11, 40.59, 52.7, 48.65, 61.27, 50.83, 37.18, 30.84, 17.32, 54.73, 37.04, 36.23, 63.3, 57.79, 15.93, 60.48, 19.03, 66.21, 55.07, 14.93, 58.89, 52.93, 74.59, 57.15, 43.0, 45.12, 64.65, 63.43, 52.47, 67.35, 56.86, 51.5, 15.23, 19.43, 57.3, 50.71, 54.24, 45.36, 60.09, 58.43, 48.09, 40.5, 19.45, 14.0, 50.77, 45.71, 75.86, 39.93, 35.65, 53.51, 41.23, 13.66, 18.28, 60.61, 50.25, 45.32, 52.78, 50.58, 60.3, 97.43, 49.17, 60.22, 20.1, 42.42, 60.85, 25.6, 45.45, 18.45, 15.1, 74.06, 39.07, 44.0, 15.42, 71.8, 57.6, 54.34, 42.53, 43.37, 54.94, 19.86, 46.49, 67.76, 50.09, 52.64, 52.53, 24.57, 31.81, 17.52, 12.91, 14.62, 15.58, 64.21, 50.19, 88.46, 73.85, 19.63, 53.28, 80.7, 61.41, 25.47, 54.43, 92.01, 49.69, 40.95, 38.05, 28.44, 34.35, 14.49, 17.69, 13.83, 66.41, 19.96, 76.63, 73.19, 12.05, 64.83, 66.43, 58.4, 21.39, 19.06, 38.78, 48.49, 72.26, 61.34, 44.07, 79.36, 12.44, 43.06, 16.63, 56.17, 58.83, 17.46, 18.68, 53.77, 73.16, 14.29, 19.83, 56.99, 59.51, 39.21, 77.94, 80.28, 44.17, 63.1, 83.45, 49.65, 37.83, 43.39, 20.65, 35.2, 58.97, 14.54, 25.01, 89.1, 15.64, 31.22, 69.2, 13.24, 29.32, 55.85, 39.97, 14.8, 23.9, 50.06, 47.09, 68.56, 26.2, 58.71, 23.79, 49.96, 83.1, 47.11, 23.55, 38.5, 65.48, 42.94, 69.74, 88.77, 12.34, 60.04, 16.05, 42.36, 12.88, 53.73, 59.33, 46.5, 72.98, 51.3, 23.36, 24.77, 57.91, 15.68, 45.56, 35.22, 17.21, 72.05, 41.67, 63.12, 59.55, 24.29, 44.68, 38.03, 13.68, 40.66, 46.61, 72.95, 34.89, 50.93, 12.27, 58.98, 56.73, 48.25, 19.34, 82.22, 59.2, 48.03, 53.63, 15.37, 18.35, 59.3, 59.8, 69.89, 57.43, 85.04, 60.69, 28.96, 59.22, 34.32, 42.47, 43.68, 62.88, 30.2, 53.36, 85.69, 32.07, 83.14, 12.06, 49.79, 16.67, 21.07, 16.77, 66.76, 38.8, 58.95, 50.04, 68.2, 28.39, 17.02, 17.35]"
primary_health_insurance,"['Medicare', 'Employer Plan', 'Military', 'Private Plan', 'Medigap', 'Other Govt', 'Medicaid', 'No Coverage', 'State Plan', 'IHS', 'CHIP']"
could_not_afford_medical_care,"['No', 'Yes']"
last_doctor_visit,"['Never', '<1yr', '1-2yrs', '2-5yrs', '5+ yrs']"
cvd,"[0, 1]"
